#tariff_name,level_name,tariff_costs,up_to_kg,up_to_m3,up_to_LDM,up_to_LU,up_to_m2,up_to_AU,up_to_price,,,,
LTL||Current_LTL||LTL_DE_W-DE_W_100,one,19,18,50,0,333333333,0,625,$inf,$inf,$inf,$inf,
LTL||Current_LTL||LTL_DE_W-DE_W_100,two,23,1,75,0,5,0,9375,$inf,$inf,$inf,$inf,
LTL||Current_LTL||LTL_DE_W-DE_W_100,three,26,18,100,0,666666667,0,125,$inf,$inf,$inf,$inf,
LTL||Current_LTL||LTL_DE_W-DE_W_100,four,35,72,200,1,333333333,0,25,$inf,$inf,$inf,$inf,
LTL||Current_LTL||LTL_DE_W-DE_W_100,five,42,85,300,2,0,375,$inf,$inf,$inf,$inf,,
LTL||Current_LTL||LTL_DE_W-DE_W_100,six,48,75,400,2,666666667,0,5,$inf,$inf,$inf,$inf,
LTL||Current_LTL||LTL_DE_W-DE_W_100,seven,53,88,500,3,333333333,0,625,$inf,$inf,$inf,$inf,
LTL||Current_LTL||LTL_DE_W-DE_W_100,eight,58,47,600,4,0,75,$inf,$inf,$inf,$inf,,
LTL||Current_LTL||LTL_DE_W-DE_W_100,nine,62,66,700,4,666666667,0,875,$inf,$inf,$inf,$inf,
LTL||Current_LTL||LTL_DE_W-DE_W_100,ten,66,53,800,5,333333333,1,$inf,$inf,$inf,$inf,,
LTL||Current_LTL||LTL_DE_W-DE_W_100,eleven,70,14,900,6,1,125,$inf,$inf,$inf,$inf,,
LTL||Current_LTL||LTL_DE_W-DE_W_100,twelve,73,53,1,0,6,666666667,1,25,$inf,$inf,$inf,$inf
LTL||Current_LTL||LTL_DE_W-DE_W_100,thirteen,81,27,1.25,0,8,333333333,1,5625,$inf,$inf,$inf,$inf
LTL||Current_LTL||LTL_DE_W-DE_W_100,fourteen,88,19,1.5,0,10,1,875,$inf,$inf,$inf,$inf,
LTL||Current_LTL||LTL_DE_W-DE_W_100,fifteen,94,51,1.75,0,11,66666667,2,1875,$inf,$inf,$inf,$inf
LTL||Current_LTL||LTL_DE_W-DE_W_100,sixteen,100,34,2,0,13,33333333,2,5,$inf,$inf,$inf,$inf
LTL||Current_LTL||LTL_DE_W-DE_W_100,seventeen,110,9,2.5,0,16,66666667,3,125,$inf,$inf,$inf,$inf
LTL||Current_LTL||LTL_DE_W-DE_W_100,eighteen,120,35,3,0,20,3,75,$inf,$inf,$inf,$inf,
LTL||Current_LTL||LTL_DE_W-DE_W_100,nineteen,128,97,3.5,0,23,33333333,4,375,$inf,$inf,$inf,$inf
LTL||Current_LTL||LTL_DE_W-DE_W_100,twenty,136,93,4,0,26,66666667,5,$inf,$inf,$inf,$inf,
LTL||Current_LTL||LTL_DE_W-DE_W_100,twentyone,151,34,5,0,33,33333333,6,25,$inf,$inf,$inf,$inf
LTL||Current_LTL||LTL_DE_W-DE_W_100,twentytwo,164,24,6,0,40,7,5,$inf,$inf,$inf,$inf,
LTL||Current_LTL||LTL_DE_W-DE_W_100,twentythree,176,7,0,46,66666667,8,75,$inf,$inf,$inf,$inf,
LTL||Current_LTL||LTL_DE_W-DE_W_100,twentyfour ,186,86,8,0,53,33333333,10,$inf,$inf,$inf,$inf,
LTL||Current_LTL||LTL_DE_W-DE_W_100,twentyfive,197,9,0,60,11,25,$inf,$inf,$inf,$inf,,
LTL||Current_LTL||LTL_DE_W-DE_W_100,twentysix,206,53,10,0,66,66666667,12,5,$inf,$inf,$inf,$inf
LTL||Current_LTL||LTL_DE_W-DE_W_100,twentyseven,247,72,15,0,100,13,6,$inf,$inf,$inf,$inf,
LTL||Current_LTL||LTL_DE_W-DE_W_100,twentyeight,305,85,24,0,102,13,6,$inf,$inf,$inf,$inf,
LTL||Current_LTL||LTL_DE_W-DE_W_1000,twentyseven,1.257,86,15,0,100,13,6,$inf,$inf,$inf,$inf,
LTL||Current_LTL||LTL_DE_W-DE_W_1000,twentyeight,1.696,43,24,0,102,13,6,$inf,$inf,$inf,$inf,
LTL||Current_LTL||LTL_DE_W-DE_W_1000,one,38,31995762,50,0,333333333,0,625,$inf,$inf,$inf,$inf,
LTL||Current_LTL||LTL_DE_W-DE_W_1000,two,47,62775791,75,0,5,0,9375,$inf,$inf,$inf,$inf,
LTL||Current_LTL||LTL_DE_W-DE_W_1000,three,55,57994968,100,0,666666667,0,125,$inf,$inf,$inf,$inf,
LTL||Current_LTL||LTL_DE_W-DE_W_1000,four,80,6,200,1,333333333,0,25,$inf,$inf,$inf,$inf,
LTL||Current_LTL||LTL_DE_W-DE_W_1000,five,104,33,300,2,0,375,$inf,$inf,$inf,$inf,,
LTL||Current_LTL||LTL_DE_W-DE_W_1000,six,125,29,400,2,666666667,0,5,$inf,$inf,$inf,$inf,
LTL||Current_LTL||LTL_DE_W-DE_W_1000,seven,144,41,500,3,333333333,0,625,$inf,$inf,$inf,$inf,
LTL||Current_LTL||LTL_DE_W-DE_W_1000,eight,162,17,600,4,0,75,$inf,$inf,$inf,$inf,,
LTL||Current_LTL||LTL_DE_W-DE_W_1000,nine,178,89,700,4,666666667,0,875,$inf,$inf,$inf,$inf,
LTL||Current_LTL||LTL_DE_W-DE_W_1000,ten,194,76,800,5,333333333,1,$inf,$inf,$inf,$inf,,
LTL||Current_LTL||LTL_DE_W-DE_W_1000,eleven,209,92,900,6,1,125,$inf,$inf,$inf,$inf,,
LTL||Current_LTL||LTL_DE_W-DE_W_1000,twelve,224,47,1,0,6,666666667,1,25,$inf,$inf,$inf,$inf
LTL||Current_LTL||LTL_DE_W-DE_W_1000,thirteen,258,73,1.25,0,8,333333333,1,5625,$inf,$inf,$inf,$inf
LTL||Current_LTL||LTL_DE_W-DE_W_1000,fourteen,290,56,1.5,0,10,1,875,$inf,$inf,$inf,$inf,
LTL||Current_LTL||LTL_DE_W-DE_W_1000,fifteen,320,51,1.75,0,11,66666667,2,1875,$inf,$inf,$inf,$inf
LTL||Current_LTL||LTL_DE_W-DE_W_1000,sixteen,348,93,2,0,13,33333333,2,5,$inf,$inf,$inf,$inf
LTL||Current_LTL||LTL_DE_W-DE_W_1000,seventeen,402,18,2.5,0,16,66666667,3,125,$inf,$inf,$inf,$inf
LTL||Current_LTL||LTL_DE_W-DE_W_1000,eighteen,451,66,3,0,20,3,75,$inf,$inf,$inf,$inf,
LTL||Current_LTL||LTL_DE_W-DE_W_1000,nineteen,498,21,3.5,0,23,33333333,4,375,$inf,$inf,$inf,$inf
LTL||Current_LTL||LTL_DE_W-DE_W_1000,twenty,542,4,4,0,26,66666667,5,$inf,$inf,$inf,$inf,
LTL||Current_LTL||LTL_DE_W-DE_W_1000,twentyone,625,16,5,0,33,33333333,6,25,$inf,$inf,$inf,$inf
LTL||Current_LTL||LTL_DE_W-DE_W_1000,twentytwo,702,8,6,0,40,7,5,$inf,$inf,$inf,$inf,
LTL||Current_LTL||LTL_DE_W-DE_W_1000,twentythree,774,44,7,0,46,66666667,8,75,$inf,$inf,$inf,$inf
LTL||Current_LTL||LTL_DE_W-DE_W_1000,twentyfour ,843,13,8,0,53,33333333,10,$inf,$inf,$inf,$inf,
LTL||Current_LTL||LTL_DE_W-DE_W_1000,twentyfive,908,76,9,0,60,11,25,$inf,$inf,$inf,$inf,
LTL||Current_LTL||LTL_DE_W-DE_W_1000,twentysix,971,78,10,0,66,66666667,12,5,$inf,$inf,$inf,$inf
LTL||Current_LTL||LTL_DE_W-DE_W_1500,twentytwo,1.03,45,6,0,40,7,5,$inf,$inf,$inf,$inf,
LTL||Current_LTL||LTL_DE_W-DE_W_1500,twentythree,1.136,67,7,0,46,66666667,8,75,$inf,$inf,$inf,$inf
LTL||Current_LTL||LTL_DE_W-DE_W_1500,twentyfour ,1.237,49,8,0,53,33333333,10,$inf,$inf,$inf,$inf,
LTL||Current_LTL||LTL_DE_W-DE_W_1500,twentyfive,1.333,81,9,0,60,11,25,$inf,$inf,$inf,$inf,
LTL||Current_LTL||LTL_DE_W-DE_W_1500,twentysix,1.426,31,10,0,66,66666667,12,5,$inf,$inf,$inf,$inf
LTL||Current_LTL||LTL_DE_W-DE_W_1500,twentyseven,1.846,20,15,0,100,13,6,$inf,$inf,$inf,$inf,
LTL||Current_LTL||LTL_DE_W-DE_W_1500,twentyeight,2.489,90,24,0,102,13,6,$inf,$inf,$inf,$inf,
LTL||Current_LTL||LTL_DE_W-DE_W_1500,one,48,96,50,0,333333333,0,625,$inf,$inf,$inf,$inf,
LTL||Current_LTL||LTL_DE_W-DE_W_1500,two,63,37,75,0,5,0,9375,$inf,$inf,$inf,$inf,
LTL||Current_LTL||LTL_DE_W-DE_W_1500,three,76,1,100,0,666666667,0,125,$inf,$inf,$inf,$inf,
LTL||Current_LTL||LTL_DE_W-DE_W_1500,four,118,3,200,1,333333333,0,25,$inf,$inf,$inf,$inf,
LTL||Current_LTL||LTL_DE_W-DE_W_1500,five,153,13,300,2,0,375,$inf,$inf,$inf,$inf,,
LTL||Current_LTL||LTL_DE_W-DE_W_1500,six,183,89,400,2,666666667,0,5,$inf,$inf,$inf,$inf,
LTL||Current_LTL||LTL_DE_W-DE_W_1500,seven,211,95,500,3,333333333,0,625,$inf,$inf,$inf,$inf,
LTL||Current_LTL||LTL_DE_W-DE_W_1500,eight,238,3,600,4,0,75,$inf,$inf,$inf,$inf,,
LTL||Current_LTL||LTL_DE_W-DE_W_1500,nine,262,56,700,4,666666667,0,875,$inf,$inf,$inf,$inf,
LTL||Current_LTL||LTL_DE_W-DE_W_1500,ten,285,85,800,5,333333333,1,$inf,$inf,$inf,$inf,,
LTL||Current_LTL||LTL_DE_W-DE_W_1500,eleven,308,1,900,6,1,125,$inf,$inf,$inf,$inf,,
LTL||Current_LTL||LTL_DE_W-DE_W_1500,twelve,329,47,1,0,6,666666667,1,25,$inf,$inf,$inf,$inf
LTL||Current_LTL||LTL_DE_W-DE_W_1500,thirteen,379,74,1.25,0,8,333333333,1,5625,$inf,$inf,$inf,$inf
LTL||Current_LTL||LTL_DE_W-DE_W_1500,fourteen,426,46,1.5,0,10,1,875,$inf,$inf,$inf,$inf,
LTL||Current_LTL||LTL_DE_W-DE_W_1500,fifteen,470,42,1.75,0,11,66666667,2,1875,$inf,$inf,$inf,$inf
LTL||Current_LTL||LTL_DE_W-DE_W_1500,sixteen,512,14,2,0,13,33333333,2,5,$inf,$inf,$inf,$inf
LTL||Current_LTL||LTL_DE_W-DE_W_1500,seventeen,590,28,2.5,0,16,66666667,3,125,$inf,$inf,$inf,$inf
LTL||Current_LTL||LTL_DE_W-DE_W_1500,eighteen,662,91,3,0,20,3,75,$inf,$inf,$inf,$inf,
LTL||Current_LTL||LTL_DE_W-DE_W_1500,nineteen,731,24,3.5,0,23,33333333,4,375,$inf,$inf,$inf,$inf
LTL||Current_LTL||LTL_DE_W-DE_W_1500,twenty,796,9,4,0,26,66666667,5,$inf,$inf,$inf,$inf,
LTL||Current_LTL||LTL_DE_W-DE_W_1500,twentyone,917,57,5,0,33,33333333,6,25,$inf,$inf,$inf,$inf
LTL||Current_LTL||LTL_DE_W-DE_W_2000,twenty,1.049,79,4,0,26,66666667,5,$inf,$inf,$inf,$inf,
LTL||Current_LTL||LTL_DE_W-DE_W_2000,twentyone,1.209,97,5,0,33,33333333,6,25,$inf,$inf,$inf,$inf
LTL||Current_LTL||LTL_DE_W-DE_W_2000,twentytwo,1.358,83,6,0,40,7,5,$inf,$inf,$inf,$inf,
LTL||Current_LTL||LTL_DE_W-DE_W_2000,twentythree,1.498,89,7,0,46,66666667,8,75,$inf,$inf,$inf,$inf
LTL||Current_LTL||LTL_DE_W-DE_W_2000,twentyfour ,1.631,84,8,0,53,33333333,10,$inf,$inf,$inf,$inf,
LTL||Current_LTL||LTL_DE_W-DE_W_2000,twentyfive,1.758,86,9,0,60,11,25,$inf,$inf,$inf,$inf,
LTL||Current_LTL||LTL_DE_W-DE_W_2000,twentysix,1.88,84,10,0,66,66666667,12,5,$inf,$inf,$inf,$inf
LTL||Current_LTL||LTL_DE_W-DE_W_2000,twentyseven,2.434,54,15,0,100,13,6,$inf,$inf,$inf,$inf,
LTL||Current_LTL||LTL_DE_W-DE_W_2000,twentyeight,3.283,36,24,0,102,13,6,$inf,$inf,$inf,$inf,
LTL||Current_LTL||LTL_DE_W-DE_W_2000,one,64,56,50,0,333333333,0,625,$inf,$inf,$inf,$inf,
LTL||Current_LTL||LTL_DE_W-DE_W_2000,two,83,57,75,0,5,0,9375,$inf,$inf,$inf,$inf,
LTL||Current_LTL||LTL_DE_W-DE_W_2000,three,100,36,100,0,666666667,0,125,$inf,$inf,$inf,$inf,
LTL||Current_LTL||LTL_DE_W-DE_W_2000,four,156,200,1,333333333,0,25,$inf,$inf,$inf,$inf,,
LTL||Current_LTL||LTL_DE_W-DE_W_2000,five,201,92,300,2,0,375,$inf,$inf,$inf,$inf,,
LTL||Current_LTL||LTL_DE_W-DE_W_2000,six,242,49,400,2,666666667,0,5,$inf,$inf,$inf,$inf,
LTL||Current_LTL||LTL_DE_W-DE_W_2000,seven,279,49,500,3,333333333,0,625,$inf,$inf,$inf,$inf,
LTL||Current_LTL||LTL_DE_W-DE_W_2000,eight,313,88,600,4,0,75,$inf,$inf,$inf,$inf,,
LTL||Current_LTL||LTL_DE_W-DE_W_2000,nine,346,23,700,4,666666667,0,875,$inf,$inf,$inf,$inf,
LTL||Current_LTL||LTL_DE_W-DE_W_2000,ten,376,94,800,5,333333333,1,$inf,$inf,$inf,$inf,,
LTL||Current_LTL||LTL_DE_W-DE_W_2000,eleven,406,28,900,6,1,125,$inf,$inf,$inf,$inf,,
LTL||Current_LTL||LTL_DE_W-DE_W_2000,twelve,434,46,1,0,6,666666667,1,25,$inf,$inf,$inf,$inf
LTL||Current_LTL||LTL_DE_W-DE_W_2000,thirteen,500,75,1.25,0,8,333333333,1,5625,$inf,$inf,$inf,$inf
LTL||Current_LTL||LTL_DE_W-DE_W_2000,fourteen,562,36,1.5,0,10,1,875,$inf,$inf,$inf,$inf,
LTL||Current_LTL||LTL_DE_W-DE_W_2000,fifteen,620,32,1.75,0,11,66666667,2,1875,$inf,$inf,$inf,$inf
LTL||Current_LTL||LTL_DE_W-DE_W_2000,sixteen,675,34,2,0,13,33333333,2,5,$inf,$inf,$inf,$inf
LTL||Current_LTL||LTL_DE_W-DE_W_2000,seventeen,778,39,2.5,0,16,66666667,3,125,$inf,$inf,$inf,$inf
LTL||Current_LTL||LTL_DE_W-DE_W_2000,eighteen,874,16,3,0,20,3,75,$inf,$inf,$inf,$inf,
LTL||Current_LTL||LTL_DE_W-DE_W_2000,nineteen,964,26,3.5,0,23,33333333,4,375,$inf,$inf,$inf,$inf
LTL||Current_LTL||LTL_DE_W-DE_W_250,one,25,22,50,0,333333333,0,625,$inf,$inf,$inf,$inf,
LTL||Current_LTL||LTL_DE_W-DE_W_250,two,30,89,75,0,5,0,9375,$inf,$inf,$inf,$inf,
LTL||Current_LTL||LTL_DE_W-DE_W_250,three,35,67,100,0,666666667,0,125,$inf,$inf,$inf,$inf,
LTL||Current_LTL||LTL_DE_W-DE_W_250,four,50,46,200,1,333333333,0,25,$inf,$inf,$inf,$inf,
LTL||Current_LTL||LTL_DE_W-DE_W_250,five,61,81,300,2,0,375,$inf,$inf,$inf,$inf,,
LTL||Current_LTL||LTL_DE_W-DE_W_250,six,71,39,400,2,666666667,0,5,$inf,$inf,$inf,$inf,
LTL||Current_LTL||LTL_DE_W-DE_W_250,seven,79,82,500,3,333333333,0,625,$inf,$inf,$inf,$inf,
LTL||Current_LTL||LTL_DE_W-DE_W_250,eight,87,44,600,4,0,75,$inf,$inf,$inf,$inf,,
LTL||Current_LTL||LTL_DE_W-DE_W_250,nine,94,46,700,4,666666667,0,875,$inf,$inf,$inf,$inf,
LTL||Current_LTL||LTL_DE_W-DE_W_250,ten,100,98,800,5,333333333,1,$inf,$inf,$inf,$inf,,
LTL||Current_LTL||LTL_DE_W-DE_W_250,eleven,107,12,900,6,1,125,$inf,$inf,$inf,$inf,,
LTL||Current_LTL||LTL_DE_W-DE_W_250,twelve,112,91,1,0,6,666666667,1,25,$inf,$inf,$inf,$inf
LTL||Current_LTL||LTL_DE_W-DE_W_250,thirteen,126,25,1.25,0,8,333333333,1,5625,$inf,$inf,$inf,$inf
LTL||Current_LTL||LTL_DE_W-DE_W_250,fourteen,138,32,1.5,0,10,1,875,$inf,$inf,$inf,$inf,
LTL||Current_LTL||LTL_DE_W-DE_W_250,fifteen,149,41,1.75,0,11,66666667,2,1875,$inf,$inf,$inf,$inf
LTL||Current_LTL||LTL_DE_W-DE_W_250,sixteen,159,73,2,0,13,33333333,2,5,$inf,$inf,$inf,$inf
LTL||Current_LTL||LTL_DE_W-DE_W_250,seventeen,178,61,2.5,0,16,66666667,3,125,$inf,$inf,$inf,$inf
LTL||Current_LTL||LTL_DE_W-DE_W_250,eighteen,195,67,3,0,20,3,75,$inf,$inf,$inf,$inf,
LTL||Current_LTL||LTL_DE_W-DE_W_250,nineteen,211,36,3.5,0,23,33333333,4,375,$inf,$inf,$inf,$inf
LTL||Current_LTL||LTL_DE_W-DE_W_250,twenty,225,97,4,0,26,66666667,5,$inf,$inf,$inf,$inf,
LTL||Current_LTL||LTL_DE_W-DE_W_250,twentyone,252,66,5,0,33,33333333,6,25,$inf,$inf,$inf,$inf
LTL||Current_LTL||LTL_DE_W-DE_W_250,twentytwo,276,8,6,0,40,7,5,$inf,$inf,$inf,$inf,
LTL||Current_LTL||LTL_DE_W-DE_W_250,twentythree,299,7,0,46,66666667,8,75,$inf,$inf,$inf,$inf,
LTL||Current_LTL||LTL_DE_W-DE_W_250,twentyfour ,319,66,8,0,53,33333333,10,$inf,$inf,$inf,$inf,
LTL||Current_LTL||LTL_DE_W-DE_W_250,twentyfive,339,7,9,0,60,11,25,$inf,$inf,$inf,$inf,
LTL||Current_LTL||LTL_DE_W-DE_W_250,twentysix,357,43,10,0,66,66666667,12,5,$inf,$inf,$inf,$inf
LTL||Current_LTL||LTL_DE_W-DE_W_250,twentyseven,437,83,15,0,100,13,6,$inf,$inf,$inf,$inf,
LTL||Current_LTL||LTL_DE_W-DE_W_250,twentyeight,553,93,24,0,102,13,6,$inf,$inf,$inf,$inf,
LTL||Current_LTL||LTL_DE_W-DE_W_2500,eighteen,1.085,41,3,0,20,3,75,$inf,$inf,$inf,$inf,
LTL||Current_LTL||LTL_DE_W-DE_W_2500,nineteen,1.197,29,3.5,0,23,33333333,4,375,$inf,$inf,$inf,$inf
LTL||Current_LTL||LTL_DE_W-DE_W_2500,twenty,1.303,48,4,0,26,66666667,5,$inf,$inf,$inf,$inf,
LTL||Current_LTL||LTL_DE_W-DE_W_2500,twentyone,1.502,38,5,0,33,33333333,6,25,$inf,$inf,$inf,$inf
LTL||Current_LTL||LTL_DE_W-DE_W_2500,twentytwo,1.687,21,6,0,40,7,5,$inf,$inf,$inf,$inf,
LTL||Current_LTL||LTL_DE_W-DE_W_2500,twentythree,1.861,12,7,0,46,66666667,8,75,$inf,$inf,$inf,$inf
LTL||Current_LTL||LTL_DE_W-DE_W_2500,twentyfour ,2.026,19,8,0,53,33333333,10,$inf,$inf,$inf,$inf,
LTL||Current_LTL||LTL_DE_W-DE_W_2500,twentyfive,2.183,91,9,0,60,11,25,$inf,$inf,$inf,$inf,
LTL||Current_LTL||LTL_DE_W-DE_W_2500,twentysix,2.335,36,10,0,66,66666667,12,5,$inf,$inf,$inf,$inf
LTL||Current_LTL||LTL_DE_W-DE_W_2500,twentyseven,3.022,87,15,0,100,13,6,$inf,$inf,$inf,$inf,
LTL||Current_LTL||LTL_DE_W-DE_W_2500,twentyeight,4.076,82,24,0,102,13,6,$inf,$inf,$inf,$inf,
LTL||Current_LTL||LTL_DE_W-DE_W_2500,one,80,16,50,0,333333333,0,625,$inf,$inf,$inf,$inf,
LTL||Current_LTL||LTL_DE_W-DE_W_2500,two,103,76,75,0,5,0,9375,$inf,$inf,$inf,$inf,
LTL||Current_LTL||LTL_DE_W-DE_W_2500,three,124,61,100,0,666666667,0,125,$inf,$inf,$inf,$inf,
LTL||Current_LTL||LTL_DE_W-DE_W_2500,four,193,7,200,1,333333333,0,25,$inf,$inf,$inf,$inf,
LTL||Current_LTL||LTL_DE_W-DE_W_2500,five,250,72,300,2,0,375,$inf,$inf,$inf,$inf,,
LTL||Current_LTL||LTL_DE_W-DE_W_2500,six,301,9,400,2,666666667,0,5,$inf,$inf,$inf,$inf,
LTL||Current_LTL||LTL_DE_W-DE_W_2500,seven,347,4,500,3,333333333,0,625,$inf,$inf,$inf,$inf,
LTL||Current_LTL||LTL_DE_W-DE_W_2500,eight,389,73,600,4,0,75,$inf,$inf,$inf,$inf,,
LTL||Current_LTL||LTL_DE_W-DE_W_2500,nine,429,9,700,4,666666667,0,875,$inf,$inf,$inf,$inf,
LTL||Current_LTL||LTL_DE_W-DE_W_2500,ten,468,3,800,5,333333333,1,$inf,$inf,$inf,$inf,,
LTL||Current_LTL||LTL_DE_W-DE_W_2500,eleven,504,47,900,6,1,125,$inf,$inf,$inf,$inf,,
LTL||Current_LTL||LTL_DE_W-DE_W_2500,twelve,539,45,1,0,6,666666667,1,25,$inf,$inf,$inf,$inf
LTL||Current_LTL||LTL_DE_W-DE_W_2500,thirteen,621,76,1.25,0,8,333333333,1,5625,$inf,$inf,$inf,$inf
LTL||Current_LTL||LTL_DE_W-DE_W_2500,fourteen,698,26,1.5,0,10,1,875,$inf,$inf,$inf,$inf,
LTL||Current_LTL||LTL_DE_W-DE_W_2500,fifteen,770,23,1.75,0,11,66666667,2,1875,$inf,$inf,$inf,$inf
LTL||Current_LTL||LTL_DE_W-DE_W_2500,sixteen,838,55,2,0,13,33333333,2,5,$inf,$inf,$inf,$inf
LTL||Current_LTL||LTL_DE_W-DE_W_2500,seventeen,966,5,2.5,0,16,66666667,3,125,$inf,$inf,$inf,$inf
LTL||Current_LTL||LTL_DE_W-DE_W_3000,sixteen,1.001,75,2,0,13,33333333,2,5,$inf,$inf,$inf,$inf
LTL||Current_LTL||LTL_DE_W-DE_W_3000,seventeen,1.154,61,2.5,0,16,66666667,3,125,$inf,$inf,$inf,$inf
LTL||Current_LTL||LTL_DE_W-DE_W_3000,eighteen,1.296,66,3,0,20,3,75,$inf,$inf,$inf,$inf,
LTL||Current_LTL||LTL_DE_W-DE_W_3000,nineteen,1.43,31,3.5,0,23,33333333,4,375,$inf,$inf,$inf,$inf
LTL||Current_LTL||LTL_DE_W-DE_W_3000,twenty,1.557,17,4,0,26,66666667,5,$inf,$inf,$inf,$inf,
LTL||Current_LTL||LTL_DE_W-DE_W_3000,twentyone,1.794,78,5,0,33,33333333,6,25,$inf,$inf,$inf,$inf
LTL||Current_LTL||LTL_DE_W-DE_W_3000,twentytwo,2.015,59,6,0,40,7,5,$inf,$inf,$inf,$inf,
LTL||Current_LTL||LTL_DE_W-DE_W_3000,twentythree,2.223,35,7,0,46,66666667,8,75,$inf,$inf,$inf,$inf
LTL||Current_LTL||LTL_DE_W-DE_W_3000,twentyfour ,2.42,55,8,0,53,33333333,10,$inf,$inf,$inf,$inf,
LTL||Current_LTL||LTL_DE_W-DE_W_3000,twentyfive,2.608,96,9,0,60,11,25,$inf,$inf,$inf,$inf,
LTL||Current_LTL||LTL_DE_W-DE_W_3000,twentysix,2.789,89,10,0,66,66666667,12,5,$inf,$inf,$inf,$inf
LTL||Current_LTL||LTL_DE_W-DE_W_3000,twentyseven,3.611,21,15,0,100,13,6,$inf,$inf,$inf,$inf,
LTL||Current_LTL||LTL_DE_W-DE_W_3000,twentyeight,4.87,29,24,0,102,13,6,$inf,$inf,$inf,$inf,
LTL||Current_LTL||LTL_DE_W-DE_W_3000,one,95,76,50,0,333333333,0,625,$inf,$inf,$inf,$inf,
LTL||Current_LTL||LTL_DE_W-DE_W_3000,two,123,96,75,0,5,0,9375,$inf,$inf,$inf,$inf,
LTL||Current_LTL||LTL_DE_W-DE_W_3000,three,148,86,100,0,666666667,0,125,$inf,$inf,$inf,$inf,
LTL||Current_LTL||LTL_DE_W-DE_W_3000,four,231,4,200,1,333333333,0,25,$inf,$inf,$inf,$inf,
LTL||Current_LTL||LTL_DE_W-DE_W_3000,five,299,52,300,2,0,375,$inf,$inf,$inf,$inf,,
LTL||Current_LTL||LTL_DE_W-DE_W_3000,six,359,7,400,2,666666667,0,5,$inf,$inf,$inf,$inf,
LTL||Current_LTL||LTL_DE_W-DE_W_3000,seven,414,58,500,3,333333333,0,625,$inf,$inf,$inf,$inf,
LTL||Current_LTL||LTL_DE_W-DE_W_3000,eight,465,59,600,4,0,75,$inf,$inf,$inf,$inf,,
LTL||Current_LTL||LTL_DE_W-DE_W_3000,nine,513,58,700,4,666666667,0,875,$inf,$inf,$inf,$inf,
LTL||Current_LTL||LTL_DE_W-DE_W_3000,ten,559,13,800,5,333333333,1,$inf,$inf,$inf,$inf,,
LTL||Current_LTL||LTL_DE_W-DE_W_3000,eleven,602,65,900,6,1,125,$inf,$inf,$inf,$inf,,
LTL||Current_LTL||LTL_DE_W-DE_W_3000,twelve,644,44,1,0,6,666666667,1,25,$inf,$inf,$inf,$inf
LTL||Current_LTL||LTL_DE_W-DE_W_3000,thirteen,742,78,1.25,0,8,333333333,1,5625,$inf,$inf,$inf,$inf
LTL||Current_LTL||LTL_DE_W-DE_W_3000,fourteen,834,16,1.5,0,10,1,875,$inf,$inf,$inf,$inf,
LTL||Current_LTL||LTL_DE_W-DE_W_3000,fifteen,920,14,1.75,0,11,66666667,2,1875,$inf,$inf,$inf,$inf
LTL||Current_LTL||LTL_DE_W-DE_W_500,one,35,9,50,0,333333333,0,625,$inf,$inf,$inf,$inf,
LTL||Current_LTL||LTL_DE_W-DE_W_500,two,44,62,75,0,5,0,9375,$inf,$inf,$inf,$inf,
LTL||Current_LTL||LTL_DE_W-DE_W_500,three,52,7,100,0,666666667,0,125,$inf,$inf,$inf,$inf,
LTL||Current_LTL||LTL_DE_W-DE_W_500,four,75,51,200,1,333333333,0,25,$inf,$inf,$inf,$inf,
LTL||Current_LTL||LTL_DE_W-DE_W_500,five,93,86,300,2,0,375,$inf,$inf,$inf,$inf,,
LTL||Current_LTL||LTL_DE_W-DE_W_500,six,109,52,400,2,666666667,0,5,$inf,$inf,$inf,$inf,
LTL||Current_LTL||LTL_DE_W-DE_W_500,seven,123,44,500,3,333333333,0,625,$inf,$inf,$inf,$inf,
LTL||Current_LTL||LTL_DE_W-DE_W_500,eight,136,12,600,4,0,75,$inf,$inf,$inf,$inf,,
LTL||Current_LTL||LTL_DE_W-DE_W_500,nine,147,85,700,4,666666667,0,875,$inf,$inf,$inf,$inf,
LTL||Current_LTL||LTL_DE_W-DE_W_500,ten,158,83,800,5,333333333,1,$inf,$inf,$inf,$inf,,
LTL||Current_LTL||LTL_DE_W-DE_W_500,eleven,169,19,900,6,1,125,$inf,$inf,$inf,$inf,,
LTL||Current_LTL||LTL_DE_W-DE_W_500,twelve,179,2,1,0,6,666666667,1,25,$inf,$inf,$inf,$inf
LTL||Current_LTL||LTL_DE_W-DE_W_500,thirteen,201,78,1.25,0,8,333333333,1,5625,$inf,$inf,$inf,$inf
LTL||Current_LTL||LTL_DE_W-DE_W_500,fourteen,222,51,1.5,0,10,1,875,$inf,$inf,$inf,$inf,
LTL||Current_LTL||LTL_DE_W-DE_W_500,fifteen,241,69,1.75,0,11,66666667,2,1875,$inf,$inf,$inf,$inf
LTL||Current_LTL||LTL_DE_W-DE_W_500,sixteen,259,63,2,0,13,33333333,2,5,$inf,$inf,$inf,$inf
LTL||Current_LTL||LTL_DE_W-DE_W_500,seventeen,292,64,2.5,0,16,66666667,3,125,$inf,$inf,$inf,$inf
LTL||Current_LTL||LTL_DE_W-DE_W_500,eighteen,322,7,3,0,20,3,75,$inf,$inf,$inf,$inf,
LTL||Current_LTL||LTL_DE_W-DE_W_500,nineteen,350,52,3.5,0,23,33333333,4,375,$inf,$inf,$inf,$inf
LTL||Current_LTL||LTL_DE_W-DE_W_500,twenty,376,54,4,0,26,66666667,5,$inf,$inf,$inf,$inf,
LTL||Current_LTL||LTL_DE_W-DE_W_500,twentyone,424,41,5,0,33,33333333,6,25,$inf,$inf,$inf,$inf
LTL||Current_LTL||LTL_DE_W-DE_W_500,twentytwo,468,1,6,0,40,7,5,$inf,$inf,$inf,$inf,
LTL||Current_LTL||LTL_DE_W-DE_W_500,twentythree,508,35,7,0,46,66666667,8,75,$inf,$inf,$inf,$inf
LTL||Current_LTL||LTL_DE_W-DE_W_500,twentyfour ,546,9,8,0,53,33333333,10,$inf,$inf,$inf,$inf,
LTL||Current_LTL||LTL_DE_W-DE_W_500,twentyfive,581,7,9,0,60,11,25,$inf,$inf,$inf,$inf,
LTL||Current_LTL||LTL_DE_W-DE_W_500,twentysix,615,52,10,0,66,66666667,12,5,$inf,$inf,$inf,$inf
LTL||Current_LTL||LTL_DE_W-DE_W_500,twentyseven,765,4,15,0,100,13,6,$inf,$inf,$inf,$inf,
LTL||Current_LTL||LTL_DE_W-DE_W_500,twentyeight,984,37,24,0,102,13,6,$inf,$inf,$inf,$inf,
LTL||Current_LTL||LTL_DE_W-DE_W_6000,nine,1.015,60,700,4,666666667,0,875,$inf,$inf,$inf,$inf,
LTL||Current_LTL||LTL_DE_W-DE_W_6000,ten,1.105,68,800,5,333333333,1,$inf,$inf,$inf,$inf,,
LTL||Current_LTL||LTL_DE_W-DE_W_6000,eleven,1.191,75,900,6,1,125,$inf,$inf,$inf,$inf,,
LTL||Current_LTL||LTL_DE_W-DE_W_6000,twelve,1.274,40,1,0,6,666666667,1,25,$inf,$inf,$inf,$inf
LTL||Current_LTL||LTL_DE_W-DE_W_6000,thirteen,1.468,85,1.25,0,8,333333333,1,5625,$inf,$inf,$inf,$inf
LTL||Current_LTL||LTL_DE_W-DE_W_6000,fourteen,1.649,57,1.5,0,10,1,875,$inf,$inf,$inf,$inf,
LTL||Current_LTL||LTL_DE_W-DE_W_6000,fifteen,1.819,60,1.75,0,11,66666667,2,1875,$inf,$inf,$inf,$inf
LTL||Current_LTL||LTL_DE_W-DE_W_6000,sixteen,1.98,98,2,0,13,33333333,2,5,$inf,$inf,$inf,$inf
LTL||Current_LTL||LTL_DE_W-DE_W_6000,seventeen,2.283,26,2.5,0,16,66666667,3,125,$inf,$inf,$inf,$inf
LTL||Current_LTL||LTL_DE_W-DE_W_6000,eighteen,2.564,17,3,0,20,3,75,$inf,$inf,$inf,$inf,
LTL||Current_LTL||LTL_DE_W-DE_W_6000,nineteen,2.828,47,3.5,0,23,33333333,4,375,$inf,$inf,$inf,$inf
LTL||Current_LTL||LTL_DE_W-DE_W_6000,twenty,3.079,34,4,0,26,66666667,5,$inf,$inf,$inf,$inf,
LTL||Current_LTL||LTL_DE_W-DE_W_6000,twentyone,3.549,21,5,0,33,33333333,6,25,$inf,$inf,$inf,$inf
LTL||Current_LTL||LTL_DE_W-DE_W_6000,twentytwo,3.985,86,6,0,40,7,5,$inf,$inf,$inf,$inf,
LTL||Current_LTL||LTL_DE_W-DE_W_6000,twentythree,4.396,71,7,0,46,66666667,8,75,$inf,$inf,$inf,$inf
LTL||Current_LTL||LTL_DE_W-DE_W_6000,twentyfour ,4.786,67,8,0,53,33333333,10,$inf,$inf,$inf,$inf,
LTL||Current_LTL||LTL_DE_W-DE_W_6000,twentyfive,5.159,26,9,0,60,11,25,$inf,$inf,$inf,$inf,
LTL||Current_LTL||LTL_DE_W-DE_W_6000,twentysix,5.517,6,10,0,66,66666667,12,5,$inf,$inf,$inf,$inf
LTL||Current_LTL||LTL_DE_W-DE_W_6000,twentyseven,7.141,22,15,0,100,13,6,$inf,$inf,$inf,$inf,
LTL||Current_LTL||LTL_DE_W-DE_W_6000,twentyeight,9.631,8,24,0,102,13,6,$inf,$inf,$inf,$inf,
LTL||Current_LTL||LTL_DE_W-DE_W_6000,one,189,38,50,0,333333333,0,625,$inf,$inf,$inf,$inf,
LTL||Current_LTL||LTL_DE_W-DE_W_6000,two,245,13,75,0,5,0,9375,$inf,$inf,$inf,$inf,
LTL||Current_LTL||LTL_DE_W-DE_W_6000,three,294,38,100,0,666666667,0,125,$inf,$inf,$inf,$inf,
LTL||Current_LTL||LTL_DE_W-DE_W_6000,four,457,59,200,1,333333333,0,25,$inf,$inf,$inf,$inf,
LTL||Current_LTL||LTL_DE_W-DE_W_6000,five,592,3,300,2,0,375,$inf,$inf,$inf,$inf,,
LTL||Current_LTL||LTL_DE_W-DE_W_6000,six,711,3,400,2,666666667,0,5,$inf,$inf,$inf,$inf,
LTL||Current_LTL||LTL_DE_W-DE_W_6000,seven,819,84,500,3,333333333,0,625,$inf,$inf,$inf,$inf,
LTL||Current_LTL||LTL_DE_W-DE_W_6000,eight,920,7,600,4,0,75,$inf,$inf,$inf,$inf,,
LTL||Current_LTL||LTL_DE_W-DE_W_inf,six,1.18,11,400,2,666666667,0,5,$inf,$inf,$inf,$inf,
LTL||Current_LTL||LTL_DE_W-DE_W_inf,seven,1.36,18,500,3,333333333,0,625,$inf,$inf,$inf,$inf,
LTL||Current_LTL||LTL_DE_W-DE_W_inf,eight,1.527,53,600,4,0,75,$inf,$inf,$inf,$inf,,
LTL||Current_LTL||LTL_DE_W-DE_W_inf,nine,1.684,98,700,4,666666667,0,875,$inf,$inf,$inf,$inf,
LTL||Current_LTL||LTL_DE_W-DE_W_inf,ten,1.834,43,800,5,333333333,1,$inf,$inf,$inf,$inf,,
LTL||Current_LTL||LTL_DE_W-DE_W_inf,eleven,1.977,21,900,6,1,125,$inf,$inf,$inf,$inf,,
LTL||Current_LTL||LTL_DE_W-DE_W_inf,twelve,2.114,34,1,0,6,666666667,1,25,$inf,$inf,$inf,$inf
LTL||Current_LTL||LTL_DE_W-DE_W_inf,thirteen,2.436,96,1.25,0,8,333333333,1,5625,$inf,$inf,$inf,$inf
LTL||Current_LTL||LTL_DE_W-DE_W_inf,fourteen,2.736,77,1.5,0,10,1,875,$inf,$inf,$inf,$inf,
LTL||Current_LTL||LTL_DE_W-DE_W_inf,fifteen,3.018,87,1.75,0,11,66666667,2,1875,$inf,$inf,$inf,$inf
LTL||Current_LTL||LTL_DE_W-DE_W_inf,sixteen,3.286,63,2,0,13,33333333,2,5,$inf,$inf,$inf,$inf
LTL||Current_LTL||LTL_DE_W-DE_W_inf,seventeen,3.788,12,2.5,0,16,66666667,3,125,$inf,$inf,$inf,$inf
LTL||Current_LTL||LTL_DE_W-DE_W_inf,eighteen,4.254,17,3,0,20,3,75,$inf,$inf,$inf,$inf,
LTL||Current_LTL||LTL_DE_W-DE_W_inf,nineteen,4.692,67,3.5,0,23,33333333,4,375,$inf,$inf,$inf,$inf
LTL||Current_LTL||LTL_DE_W-DE_W_inf,twenty,5.108,89,4,0,26,66666667,5,$inf,$inf,$inf,$inf,
LTL||Current_LTL||LTL_DE_W-DE_W_inf,twentyone,5.888,44,5,0,33,33333333,6,25,$inf,$inf,$inf,$inf
LTL||Current_LTL||LTL_DE_W-DE_W_inf,twentytwo,6.612,89,6,0,40,7,5,$inf,$inf,$inf,$inf,
LTL||Current_LTL||LTL_DE_W-DE_W_inf,twentythree,7.294,52,7,0,46,66666667,8,75,$inf,$inf,$inf,$inf
LTL||Current_LTL||LTL_DE_W-DE_W_inf,twentyfour ,7.941,50,8,0,53,33333333,10,$inf,$inf,$inf,$inf,
LTL||Current_LTL||LTL_DE_W-DE_W_inf,twentyfive,8.559,66,9,0,60,11,25,$inf,$inf,$inf,$inf,
LTL||Current_LTL||LTL_DE_W-DE_W_inf,twentysix,9.153,27,10,0,66,66666667,12,5,$inf,$inf,$inf,$inf
LTL||Current_LTL||LTL_DE_W-DE_W_inf,twentyseven,11.847,90,15,0,100,13,6,$inf,$inf,$inf,$inf,
LTL||Current_LTL||LTL_DE_W-DE_W_inf,twentyeight,15.978,79,24,0,102,13,6,$inf,$inf,$inf,$inf,
LTL||Current_LTL||LTL_DE_W-DE_W_inf,one,314,19,50,0,333333333,0,625,$inf,$inf,$inf,$inf,
LTL||Current_LTL||LTL_DE_W-DE_W_inf,two,406,69,75,0,5,0,9375,$inf,$inf,$inf,$inf,
LTL||Current_LTL||LTL_DE_W-DE_W_inf,three,488,4,100,0,666666667,0,125,$inf,$inf,$inf,$inf,
LTL||Current_LTL||LTL_DE_W-DE_W_inf,four,759,19,200,1,333333333,0,25,$inf,$inf,$inf,$inf,
LTL||Current_LTL||LTL_DE_W-DE_W_inf,five,982,68,300,2,0,375,$inf,$inf,$inf,$inf,,
